nickname,player_id,country,faceit_elo
agb-_-,d2d79f95-19d1-479b-82e9-97b88223f169,ar,1018
ELGERENTE,d02c4268-5e5e-426c-9125-4a81d6ad4d7d,ar,1206
Fakabot,a62e1894-7ac4-4d65-9c92-939ca4f0f200,ar,1235
frantarasco,bc8c9779-1f8f-4017-9646-6701423c6ff9,ar,1071
gordotiverso,a24967e1-bb38-4b2f-bb78-e118e613c0c7,ar,1073
hhmero,49a74302-be88-4ac5-9a6c-f0c7864e6b2d,ar,1078
monzooo,922e6ce2-7279-4771-93eb-d14c89041c76,ar,987
n0xinho,99c560e6-662d-4b0c-a48b-b232fa52cb88,ar,1611
polski-,3b3b0662-0a3a-418c-9734-2f2051b049fc,ar,2199
santibest10,1acb8f8e-b15e-49c2-8a91-88bf299f0f99,ar,1637
santutu_,4482a031-efdb-4c3a-899f-6e5c22310547,ar,699
flacotiverso,b10cd2ba-fdaf-46bf-aba0-7397bde298e9,ar,1118
