match_id,competition_name,started_at,finished_at,duration_minutes
1-000a4040-5366-426a-968a-d28f8fa466dc,South America 5V5 Queue,1787374568,1787376769,36.7
1-02aa5b31-24b8-4062-968b-46e58accc68b,COMPETITIVE 5V5,1719166658,1719167396,12.3
1-0600c9eb-ab17-418a-9d7b-925a7f0c4d08,South America 5V5 Queue,1786639437,1786643015,59.6
1-063caaf6-e25f-45a8-a14f-e20f037818b9,South America 5V5 Queue,1785430121,1785431934,30.2
1-0661ca65-04db-480c-9a70-25a926cf9c75,South America 5V5 Queue,1775628608,1775631683,51.2
1-06aaf935-8215-4755-b4ca-25abee40c2b1,South America 5V5 Queue,1786501711,1786503792,34.7
1-074d79d4-889a-4a83-af33-ad5310139f1a,South America 5V5 Queue,1744769732,1744772239,41.8
1-07636088-f237-4841-9f0e-5d844f2e96a8,South America 5V5 Queue,1745202880,1745204819,32.3
1-079e9cf7-c9de-4f85-88d0-6cae3fe6c931,South America 5V5 Queue,1786307262,1786310304,50.7
1-0866733d-9c68-4e14-a005-a1abca12b70f,South America 5V5 Queue,1745459424,1745462004,43.0
1-08ff222a-91d2-4762-9c4e-43e508cb6965,COMPETITIVE 5V5,1717975852,1717977776,32.1
1-090ef5fc-b5d5-433a-b948-9cc43f64a3df,South America 5V5 Queue,1787017235,1787019635,40.0
1-096bbea9-3230-4060-bb70-b6c453f27895,South America 5V5 Queue,1786586280,1786588466,36.4
1-09b44161-aab5-4710-b542-5cdca12355f2,South America 5V5 Queue,1782095153,1782099638,74.8
1-09befcc7-60a9-4cc9-bb61-d0a949763e90,South America 5V5 Queue,1785955070,1785958013,49.0
1-09ce02d6-836e-45bf-a619-8c3294e4ef32,South America 5V5 Queue,1786316841,1786318860,33.6
1-09f96c6a-fe6c-4105-a2c7-3f525849b5be,South America 5V5 Queue,1783131621,1783133155,25.6
1-0acb3db5-ca2c-4c06-9a05-6e3ebf510a7c,South America 5V5 Queue,1757039351,1757040981,27.2
1-0b809420-79d7-492b-b199-1455385bcfda,South America 5V5 Queue,1782697156,1782700489,55.5
1-0b99c4be-3c3c-4d8f-86a0-e16df12a20de,South America 5V5 Queue,1786565872,1786567722,30.8
1-0d5dd713-9bf3-4779-963e-660e8cfb0f8f,South America 5V5 Queue,1782170301,1782172569,37.8
1-0d8192e9-ac94-4fc4-9d51-8eae6f347d24,South America 5V5 Queue,1783134734,1783136714,33.0
1-0e2dae17-8ace-4386-baea-4747c169f9ed,South America 5V5 Queue,1785263853,1785266138,38.1
1-0e623404-9783-4c2f-a6f1-b16749f1b0b5,South America 5V5 Queue,1785092199,1785094603,40.1
1-0f78f1ac-cf3b-4457-9684-3fac608d52ac,South America 5V5 Queue,1786901400,1786903484,34.7
1-108906b5-cb49-4eff-9648-a2ccc56014dd,South America 5V5 Queue,1786486159,1786489761,60.0
1-1105c1b2-2ccd-4309-a9c6-d1f66b24774b,South America 5V5 Queue,1785203326,1785205342,33.6
1-11f2d93b-a380-4923-ae06-48b451143635,COMPETITIVE 5V5,1718990430,1718993233,46.7
1-15eae770-589e-41a0-8ba1-29e0ebabbcbb,South America 5V5 Queue,1761374884,1761377051,36.1
1-15fb2785-2861-42fd-8325-a58c8c8d01ec,South America 5V5 Queue,1783140675,1783143118,40.7
1-1629860d-893c-46dd-b03d-807c557aa055,COMPETITIVE 5V5,1719190243,1719191315,17.9
1-1635c7a9-a4d4-494e-911c-9224e3704eaf,South America 5V5 Queue,1786469975,1786471574,26.6
1-1638dc3a-6cc4-49b5-b3d0-e1c7c9a2f21f,South America 5V5 Queue,1784257481,1784259189,28.5
1-16508393-eba5-4650-b796-e36b80642448,COMPETITIVE 5V5,1719196758,1719197942,19.7
1-1716ee4e-a1e7-4a8c-9569-742e566feab3,South America 5V5 Queue,1787093916,1787097087,52.9
1-17af48f4-9436-4809-aac8-69b59bccf4bf,South America 5V5 Queue,1785205717,1785208027,38.5
1-18422a85-9e52-4101-a8f5-a4315e8006e4,South America 5V5 Queue,1787368063,1787371458,56.6
1-192c1e76-52de-4d67-b43d-5e543975005f,South America 5V5 Queue,1786501167,1786504018,47.5
1-1970b5f4-cc03-44c6-bb0e-ee8d465f595b,South America 5V5 Queue,1782441605,1782443844,37.3
1-1a5d6347-a7a2-4579-bc01-b9a26b679d32,South America 5V5 Queue,1745291746,1745293827,34.7
1-1af617e3-8a00-49a8-98eb-cbcd1d422328,South America 5V5 Queue,1787285068,1787286865,29.9
1-1d061802-99ca-4147-855d-ab4664e3cb89,South America 5V5 Queue,1786036606,1786038846,37.3
1-1d6c1210-3d34-4660-b16e-916f816c4777,South America 5V5 Queue,1782788291,1782792987,78.3
1-1e20a9d1-d26e-4b22-b153-698ec059cd81,COMPETITIVE 5V5,1719284734,1719286933,36.6
1-1e431e41-bafe-4519-8f90-8e10352caa29,South America 5V5 Queue,1783275883,1783278057,36.2
1-1f1fbf48-f04c-434b-a6c4-2643ea21ed0d,COMPETITIVE 5V5,1725904741,1725906897,35.9
1-22f53552-a8b1-4223-9a0d-62427bac5bc2,South America 5V5 Queue,1759724993,1759727113,35.3
1-24a026fb-19e3-4ecc-8c5f-240acd6d4e11,South America 5V5 Queue,1765048994,1765050529,25.6
1-24a318c5-a301-49e0-a133-b911953b1713,South America 5V5 Queue,1744942717,1744944388,27.9
1-25775400-03ae-4224-8b0b-05a388cd1857,South America 5V5 Queue,1744945021,1744947037,33.6
1-2684ac3e-5767-423e-9e42-96b414b00f76,South America 5V5 Queue,1786297226,1786299233,33.5
1-26af9a98-9653-4c5f-85d4-2fe14bc773be,South America 5V5 Queue,1786636790,1786638909,35.3
1-27b4924b-d910-4a92-ac34-d18414f4ac9e,South America 5V5 Queue,1784859521,1784862162,44.0
1-2906b541-9b8a-481c-a954-670a26305255,South America 5V5 Queue,1786912161,1786913712,25.9
1-29b1ddf3-310c-41ac-9d6e-15111472064e,COMPETITIVE 5V5,1718240749,1718242497,29.1
1-2a235593-5d6a-49fd-85d7-ddace665289a,South America 5V5 Queue,1785701293,1785702837,25.7
1-2accd5a9-247e-48df-8c10-79223b977b9b,COMPETITIVE 5V5,1718819873,1718822064,36.5
1-2bbf5d77-b1d0-459b-a426-bf2c56102656,South America 5V5 Queue,1786556251,1786558532,38.0
1-2bc95098-2cd1-4c64-b112-0f7a4b75f10a,South America 5V5 Queue,1785725522,1785727949,40.5
1-2d01a6c6-1475-4092-90cd-b0fee0428332,South America 5V5 Queue,1786830803,1786833996,53.2
1-2df1d653-2473-4c68-94db-ef075218da5f,South America 5V5 Queue,1744767431,1744769329,31.6
1-2e8f7101-cbfa-45ed-9e4f-7fa352d6a71c,South America 5V5 Queue,1784952915,1784956236,55.4
1-2fccf106-754a-4596-ba59-1c7270165052,South America 5V5 Queue,1782357150,1782359247,35.0
1-310521d7-4e76-4bb5-b9cd-6175bccd315a,COMPETITIVE 5V5,1719194520,1719195993,24.6
1-335609c8-3000-4db5-9c59-85f13d5cb55c,South America 5V5 Queue,1786071604,1786073394,29.8
1-335f7c89-c249-41aa-a578-03d73710aa89,South America 5V5 Queue,1787847899,1787850680,46.4
1-35315031-4252-4d00-81e6-5f25a861b1e3,South America 5V5 Queue,1786986529,1786988419,31.5
1-36edf56e-505a-4b21-af5e-882e09b31627,South America 5V5 Queue,1787870385,1787873319,48.9
1-36ee503b-6540-4a9a-9966-b975d2fb8151,South America 5V5 Queue,1786504611,1786507375,46.1
1-3910a1b2-d4f1-40f2-a511-bcfda065286e,South America 5V5 Queue,1782349909,1782351800,31.5
1-3a9525bf-3ff6-4db0-bd7b-c9ae4fb82876,South America 5V5 Queue,1745454276,1745456519,37.4
1-3acdc288-8ebf-4040-ba93-36ec7d614e85,South America 5V5 Queue,1785087694,1785089865,36.2
1-3c2d500e-7bbd-4dcf-961f-283e93bac3cc,South America 5V5 Queue,1787102728,1787104869,35.7
1-3d71a01a-4ed2-4803-b083-91fa114dc3aa,South America 5V5 Queue,1785030336,1785032472,35.6
1-3d8ff317-32eb-4e50-ae34-87ea9a66eade,COMPETITIVE 5V5,1717872765,1717875187,40.4
1-3df713f7-2bf7-4c23-8a15-c8190da811d8,South America 5V5 Queue,1783465133,1783467297,36.1
1-3e0cb7c4-d75a-48bf-9dff-84d1a7667836,South America 5V5 Queue,1786942276,1786944679,40.0
1-3e899b0f-7808-4e47-be8d-ae237998c3e5,Europe 5v5 Queue,1759722107,1759724364,37.6
1-3f67abb1-578b-4bc8-8bea-0f1f6b494ad4,South America 5V5 Queue,1783996217,1783999418,53.4
1-40f9ce03-a573-48a7-ac6e-1f71a7fa83bc,South America 5V5 Queue,1784777381,1784779870,41.5
1-415aa74d-3c51-4b0c-9a10-8c928f78604f,South America 5V5 Queue,1745289454,1745291505,34.2
1-415f9250-bbe4-4497-98c2-03bcaa9525f9,South America 5V5 Queue,1782534037,1782536466,40.5
1-42060785-e7b9-4bb6-aad9-7ff8756e1bc2,South America 5V5 Queue,1782267044,1782269618,42.9
1-42820726-2dec-4631-8968-e025c3746acf,South America 5V5 Queue,1752545984,1752548624,44.0
1-42b8dbaa-01f6-4f4d-800c-9e42981e04ef,South America 5V5 Queue,1776310601,1776312665,34.4
1-432e191e-e4c4-4066-9f3a-cff5a4594faf,South America 5V5 Queue,1782785482,1782788092,43.5
1-445079d3-2c6c-43a8-a178-e9c97935cda6,South America 5V5 Queue,1782960567,1782962457,31.5
1-449bf88b-04e7-4776-ac9e-34c494fd0ae4,South America 5V5 Queue,1785971361,1785973708,39.1
1-45830e6f-da2f-4f19-ad9c-cde198b6e603,South America 5V5 Queue,1785374798,1785377870,51.2
1-464b4dde-4485-431f-af37-8e314c73eb37,COMPETITIVE 5V5,1710734336,1710736400,34.4
1-47bc5210-1c37-4153-821f-ebf9b506bf63,South America 5V5 Queue,1786989198,1786992402,53.4
1-48b0d32c-207a-40ee-ab0f-144928aa1500,South America 5V5 Queue,1786310757,1786313231,41.2
1-49403ed2-4873-44ec-bdae-56b9930f9d2c,South America 5V5 Queue,1784827635,1784828969,22.2
1-4941d6d5-2003-49c4-8572-5cd6c7186fb9,South America 5V5 Queue,1784927591,1784929953,39.4
1-49c3c7b6-b427-4d64-9913-9ecfc12259bd,South America 5V5 Queue,1782091389,1782094629,54.0
1-4aa96cb1-fbda-4bf0-827b-e1a25cd9a319,South America 5V5 Queue,1785452345,1785455942,60.0
1-4ad7bd66-b608-4f4d-b3bf-1c8c567dafff,South America 5V5 Queue,1786314039,1786316357,38.6
1-4cda300b-48c1-4293-a6fc-2df7fcfee79b,South America 5V5 Queue,1786903962,1786906317,39.2
1-4daeafd0-4b13-45b6-8561-8db210a7f819,South America 5V5 Queue,1782253782,1782256438,44.3
1-4db63970-e28d-4087-bb63-b338421ad3e3,South America 5V5 Queue,1787346228,1787348180,32.5
1-4dd3fdfd-9566-4973-b9f8-3f9a402f4ab6,South America 5V5 Queue,1752549022,1752550641,27.0
1-4e438dc6-e5d3-4f62-9547-26680450592d,South America 5V5 Queue,1787713800,1787716168,39.5
1-4ed6dc89-b5e2-4afd-bae2-82f62e9a2ae6,South America 5V5 Queue,1745201101,1745202520,23.6
1-50ef15f6-7dd0-4700-9ac8-19127a76b19a,South America 5V5 Queue,1787518761,1787520434,27.9
1-5124e6b9-941f-4464-a743-70976e01423c,South America 5V5 Queue,1782444540,1782446969,40.5
1-51e9955b-5fe7-422b-88bd-32e4ccb0b21f,South America 5V5 Queue,1762393147,1762396036,48.1
1-51ed2a9b-5503-4e21-a9e1-cee359fe9c37,South America 5V5 Queue,1786499458,1786501297,30.6
1-51fcf27d-7754-4290-9a53-89b8c1c8f2b4,South America 5V5 Queue,1785097365,1785099847,41.4
1-530034d1-fbdc-415a-8ac1-31682aa55884,South America 5V5 Queue,1787939941,1787941592,27.5
1-5422da4d-109d-4b57-bd34-bee28f0397f3,South America 5V5 Queue,1776229602,1776231908,38.4
1-543268a8-e991-40ef-a0df-9f831c76953b,South America 5V5 Queue,1786563072,1786565335,37.7
1-55fea078-97b3-43c3-b9d8-d5ce59b07826,South America 5V5 Queue,1787160336,1787162488,35.9
1-560d4446-ccc1-49df-ac55-bf70c7445f84,South America 5V5 Queue,1782352091,1782354085,33.2
1-569f6981-30e9-47de-a0ba-f0abc7f49c62,COMPETITIVE 5V5,1717710666,1717713355,44.8
1-56a6f52e-c21e-4f0d-9fd9-d139d7f18191,South America 5V5 Queue,1786402849,1786405080,37.2
1-56aebeff-2a0e-4e7c-8703-00937fcc33a8,South America 5V5 Queue,1784949605,1784952374,46.1
1-56efb276-7a5e-4ad8-bf33-5530f3eea36b,South America 5V5 Queue,1786834308,1786836440,35.5
1-57657342-bea7-4020-a244-3f059fc7444a,South America 5V5 Queue,1787247648,1787249771,35.4
1-57ee773f-e4a9-4613-9638-bee8e61ad9ec,South America 5V5 Queue,1786932795,1786934922,35.5
1-5892e21b-f8bb-4f68-b802-15315258263f,South America 5V5 Queue,1787431270,1787434667,56.6
1-596fdca1-f0e8-4fb2-9887-ad7d23216297,South America 5V5 Queue,1785378239,1785380556,38.6
1-59f8e0bb-c982-4679-b474-a3c0f73744ea,South America 5V5 Queue,1786758861,1786762983,68.7
1-59fa086f-8157-4ff9-ac97-fa6357f490d7,South America 5V5 Queue,1787866545,1787869704,52.6
1-5cb67f10-83aa-41b3-b907-982cbe365eb2,South America 5V5 Queue,1782354306,1782356693,39.8
1-5d91c240-7102-41d6-bd61-cf78f5ea56a8,South America 5V5 Queue,1774238629,1774240952,38.7
1-5deafa2d-fb1f-4c9a-8be7-ca5c689d2aa5,South America 5V5 Queue,1786153353,1786155381,33.8
1-5df5d9f9-65ae-4fc4-beab-d5d4d2d63c7c,COMPETITIVE 5V5,1718905352,1718906706,22.6
1-5e660c63-8fd5-403a-8c90-070b015bcab4,South America 5V5 Queue,1783278562,1783280974,40.2
1-5ed6e83a-1692-447e-a40a-600204569c50,South America 5V5 Queue,1760068603,1760070548,32.4
1-60060378-8fb7-4674-85ef-4916e3e276f7,COMPETITIVE 5V5,1718994075,1718996865,46.5
1-609f2b9e-2c63-454c-aebb-56e3529788e8,South America 5V5 Queue,1785106325,1785108577,37.5
1-612097d1-1dd1-4301-a29f-86308e82af37,South America 5V5 Queue,1782180282,1782181522,20.7
1-613ef07b-9b09-4d61-bc72-c2e4c2ae6b43,South America 5V5 Queue,1776315539,1776317956,40.3
1-61705934-2c47-4f12-86b7-a31b6d065a7f,South America 5V5 Queue,1786055944,1786058628,44.7
1-6290b6d5-2a9d-4b8b-b93b-312d84fda0a0,South America 5V5 Queue,1786737564,1786739891,38.8
1-6373bb77-f536-4786-b15a-ce1102bab4f2,COMPETITIVE 5V5,1711244245,1711246060,30.2
1-64c6f34e-19d1-4ec8-b271-291286e4962d,South America 5V5 Queue,1780030228,1780032179,32.5
1-657c6bdd-c826-4cc7-a980-55f931d3f12e,South America 5V5 Queue,1787365640,1787367626,33.1
1-65c103cf-f992-4f6e-9835-1a815ed33f2b,South America 5V5 Queue,1787889170,1787892034,47.7
1-666d6b39-4098-48a1-8851-641758788143,South America 5V5 Queue,1785969574,1785971103,25.5
1-67612f03-0666-4d0c-b7fd-db0f5e13574f,South America 5V5 Queue,1785612126,1785613392,21.1
1-677568bb-4582-4a50-be3c-6ca11126c39f,South America 5V5 Queue,1784924173,1784927281,51.8
1-67822aa4-4d38-4213-8805-530425ac454e,South America 5V5 Queue,1787851141,1787853348,36.8
1-67aeb8b5-203c-40da-8e94-37dc79d3cf1e,South America 5V5 Queue,1785032784,1785034649,31.1
1-68f66dc3-f991-4c7b-ae73-da3937441986,South America 5V5 Queue,1784910486,1784912034,25.8
1-6a1e5536-590f-496e-b24b-02c5cf8b8994,South America 5V5 Queue,1784942618,1784944770,35.9
1-6a72ae6b-abd3-4de1-bf72-00e53581ba63,South America 5V5 Queue,1784311413,1784313336,32.0
1-6bda9855-e97c-44a0-a2ff-b13df6d21f48,South America 5V5 Queue,1786661048,1786663525,41.3
1-6d2918dd-9c2a-472a-a8eb-c7dacc3904dc,COMPETITIVE 5V5,1710710441,1710712196,29.2
1-6e4ace0f-25da-423e-b3df-eb5c8bc9535e,South America 5V5 Queue,1786063923,1786066482,42.6
1-6e8380cf-a0e3-45bd-a7ba-9ea11da26fb3,COMPETITIVE 5V5,1717713954,1717715873,32.0
1-6f05334a-842d-4faa-ab6b-05d9ed100b87,South America 5V5 Queue,1776312981,1776314947,32.8
1-713312b9-db63-4cc5-8858-5f9513749178,South America 5V5 Queue,1787696154,1787698298,35.7
1-71c54472-0872-4c8c-8361-7f18b00dbe43,South America 5V5 Queue,1787698647,1787701313,44.4
1-71d594c8-793c-4ced-b5b1-a94e45342df0,South America 5V5 Queue,1785292246,1785294380,35.6
1-72f42aa6-8d69-48c1-95c7-058aaffe6b2e,South America 5V5 Queue,1786483717,1786485766,34.1
1-73673eb3-0e22-4654-81ac-c976a81b9481,South America 5V5 Queue,1786067039,1786069062,33.7
1-74969066-82ac-4661-a5a3-4fa842ebfc78,South America 5V5 Queue,1782256837,1782258488,27.5
1-74ae544c-cd27-401c-9d6c-2f745a064a41,South America 5V5 Queue,1784254908,1784257087,36.3
1-76a70a3d-8544-4ece-bdb5-e8d9f3e5d372,South America 5V5 Queue,1782538815,1782541570,45.9
1-78182523-279e-49cb-88c1-64e13f8e5ed6,South America 5V5 Queue,1784084699,1784086700,33.4
1-787df509-1a44-4049-9324-4d7c0d451522,South America 5V5 Queue,1787336279,1787338367,34.8
1-79de7678-6ef4-48b1-95fe-883221e22495,South America 5V5 Queue,1787710792,1787713433,44.0
1-7a4e2ec6-b9f4-4691-8c75-49760c6f71c5,South America 5V5 Queue,1745462278,1745467353,84.6
1-7a8b01dd-56e6-44b1-9b22-24d223f071c3,South America 5V5 Queue,1785289670,1785291861,36.5
1-7b0f30d5-2999-4bf5-9f30-4b818979ea5f,COMPETITIVE 5V5,1717432404,1717434802,40.0
1-7d066c74-b3dc-4ebb-9198-38bf0b2e29d3,South America 5V5 Queue,1786992835,1786996457,60.4
1-7d2e4c97-2a54-4aa5-98fa-68a66e69f8cf,South America 5V5 Queue,1783550209,1783552604,39.9
1-7d6b1e8c-e93c-4d53-ad99-450bb06e60fc,South America 5V5 Queue,1784918618,1784921215,43.3
1-7d884da0-67f1-4991-b6bc-051be2de49fc,South America 5V5 Queue,1786053474,1786055558,34.7
1-7e20ed80-ca7a-4ef6-91ed-878b71e074da,South America 5V5 Queue,1783274242,1783275587,22.4
1-7e2a6624-a594-42bb-af15-7af1c23a2c91,South America 5V5 Queue,1784921496,1784923446,32.5
1-81c39b85-29dd-43a1-8c2b-8ea3effde13c,South America 5V5 Queue,1783049867,1783052830,49.4
1-823511fc-991d-412e-85c7-28440eba8447,South America 5V5 Queue,1785555179,1785556348,19.5
1-8290cc35-b6d7-443d-81ca-e59b785d531f,South America 5V5 Queue,1786498758,1786500901,35.7
1-82c2eb98-913d-478d-b522-67bbcb768e6c,South America 5V5 Queue,1786935986,1786938328,39.0
1-831ec6b1-ebc5-4f47-99d2-3c61497dc6cc,South America 5V5 Queue,1762396489,1762398311,30.4
1-83e4b310-485b-443d-9d0b-fbcdc142db67,South America 5V5 Queue,1786729065,1786731125,34.3
1-8406ad9b-5820-4a44-a31f-fed599c4d9df,South America 5V5 Queue,1765045882,1765048351,41.1
1-8648f2a1-8b1c-4a4a-84e2-15e0168208d1,South America 5V5 Queue,1782436877,1782438795,32.0
1-87425689-70da-472c-b8a7-def88732a9a0,South America 5V5 Queue,1786304224,1786306604,39.7
1-8a25d746-4b8a-4c02-8781-b8f0480c9c4d,South America 5V5 Queue,1748191671,1748193990,38.6
1-8aec2e85-e45f-46d5-a8de-f651f3bf6751,South America 5V5 Queue,1787435228,1787437835,43.5
1-8b871876-c95a-4a2b-9104-456d3ac81aa4,South America 5V5 Queue,1765043113,1765045661,42.5
1-8b98e2cb-a40e-4692-bc24-c76b957784f5,COMPETITIVE 5V5,1718243165,1718246040,47.9
1-8be8be69-7e66-46c3-bb73-ae0e5cff36c3,COMPETITIVE 5V5,1717869018,1717869856,14.0
1-8c5d09e5-3f32-43ee-8679-113775071692,South America 5V5 Queue,1745374869,1745376934,34.4
1-8c74be19-21d4-4c88-91bf-d0e7b3dc80e2,South America 5V5 Queue,1782181747,1782184038,38.2
1-8c936505-d4a2-4b89-a0f5-231cc804feca,COMPETITIVE 5V5,1719278876,1719280920,34.1
1-8e5de1df-4266-4124-aa7e-ec1dfb320439,South America 5V5 Queue,1787277788,1787279608,30.3
1-8ee5fec7-6769-45df-ab54-ef9ec638d51b,South America 5V5 Queue,1786471986,1786474501,41.9
1-8ef3cb1a-c336-4608-82bc-955acb95a22f,South America 5V5 Queue,1787359776,1787362208,40.5
1-8fede02f-7ee2-4303-bfc9-564872dce163,South America 5V5 Queue,1786033268,1786033951,11.4
1-8ff9d783-33df-42b4-b7c9-75ea1447fe86,South America 5V5 Queue,1785698596,1785700998,40.0
1-90d449fd-e0d0-4e57-a8c1-69ee397531b4,South America 5V5 Queue,1785280742,1785282355,26.9
1-910779e6-4489-40bc-9805-66ce13c9e847,South America 5V5 Queue,1785357375,1785360329,49.2
1-91a28050-143a-4267-96d6-689d28837db5,South America 5V5 Queue,1783548537,1783549798,21.0
1-92c427ac-5a23-465b-89dc-67ba3b2ab7b3,South America 5V5 Queue,1776232220,1776234205,33.1
1-92efc8e8-9458-4332-b042-b35d089f0043,South America 5V5 Queue,1782620321,1782623364,50.7
1-935fcd28-654d-4fa7-a8df-f2e8d46db1c2,South America 5V5 Queue,1786034596,1786036232,27.3
1-952a25fc-8e57-4ce9-8ade-3f30e23f9674,South America 5V5 Queue,1782868214,1782869816,26.7
1-95dae9e6-087e-4a4b-89c4-098c4e38681b,COMPETITIVE 5V5,1717870410,1717871890,24.7
1-968a5f32-3b05-4148-a464-bda4b71568c7,South America 5V5 Queue,1785432434,1785435225,46.5
1-99317f81-b2bf-43e7-9bf9-957f8a9643f1,South America 5V5 Queue,1782265300,1782266748,24.1
1-99376136-1da9-4930-bf00-eb8695cf4de6,South America 5V5 Queue,1787179691,1787181883,36.5
1-9a4a39ea-5104-4cda-b83f-f266152277ee,South America 5V5 Queue,1759893227,1759896541,55.2
1-9dcdd306-7cbd-4bb2-b0ef-f827ee288607,South America 5V5 Queue,1786768157,1786769368,20.2
1-9e45f708-d71d-489d-b61f-94e53e6872c6,South America 5V5 Queue,1783138520,1783140335,30.2
1-9ef3e4b8-77cd-4888-a233-9c1bf8770fd8,South America 5V5 Queue,1787001885,1787007094,86.8
1-9f5cabdc-0e53-4d22-9b03-45b3c86475c3,South America 5V5 Queue,1786069603,1786071294,28.2
1-9fc17cdd-2505-4834-a416-e89e5f73b44a,South America 5V5 Queue,1787245695,1787247315,27.0
1-a0696c13-fc97-4afe-9dfa-0de8615b9414,COMPETITIVE 5V5,1711400515,1711402860,39.1
1-a31e29e9-ed51-4fdf-89ab-7134a4c8f84f,South America 5V5 Queue,1786654377,1786657480,51.7
1-a3686eff-cd1f-431f-8ce1-294d1c8ab1bc,South America 5V5 Queue,1786938828,1786941967,52.3
1-a4b40a22-bb8a-4916-9420-5912175e93b2,South America 5V5 Queue,1783047310,1783049522,36.9
1-a529683c-81c2-479f-ac3d-aa99a52e0032,South America 5V5 Queue,1745449615,1745451675,34.3
1-a719d552-9333-4cf1-91db-e43e74883a2e,COMPETITIVE 5V5,1719162686,1719165517,47.2
1-a8310356-bf04-4c4d-87e7-b36cf00f2dcb,South America 5V5 Queue,1787190603,1787193841,54.0
1-a93b30ef-2da5-4455-91b9-46a3387f8b9f,South America 5V5 Queue,1785722900,1785725248,39.1
1-a944a1eb-566f-4966-9477-7cf9a5feb891,South America 5V5 Queue,1782630511,1782632718,36.8
1-a95fb5cd-ccba-48a7-8753-b8c434e5b7d5,South America 5V5 Queue,1787764191,1787766193,33.4
1-ab125b6d-53f0-4b5d-8f04-f8049b13f1c0,South America 5V5 Queue,1785720315,1785722476,36.0
1-ab383e75-f1ed-402c-af63-a8fffbe43b81,South America 5V5 Queue,1782529682,1782532103,40.4
1-aba1b7a6-5611-4d13-b40e-cb6917d14159,South America 5V5 Queue,1784945218,1784948278,51.0
1-ac75bdb7-bd3e-4a74-9e3e-8c83b7fe83c6,South America 5V5 Queue,1782176758,1782179833,51.2
1-ad40c6b0-376b-4377-b923-e27d407bae4b,South America 5V5 Queue,1782870397,1782872382,33.1
1-aec2f448-19d3-4515-96f6-7fc657f0bc1d,South America 5V5 Queue,1760665231,1760667716,41.4
1-afc2a01e-2656-46ee-afb5-c43dd63b57c7,South America 5V5 Queue,1786495726,1786498161,40.6
1-b0208987-ef55-4b81-aee6-b7518aebe2fa,South America 5V5 Queue,1787372346,1787373936,26.5
1-b02c4ea1-053e-4775-a2b1-b3c6f8a283cc,South America 5V5 Queue,1785208458,1785210336,31.3
1-b03a6839-f67b-4fa8-a5ce-946de801f56b,COMPETITIVE 5V5,1719281715,1719284117,40.0
1-b063a147-45ba-45fe-aed5-9c15caab1be1,South America 5V5 Queue,1787010677,1787012240,26.1
1-b0e6ff9e-7224-40b1-be99-8adf031d539b,South America 5V5 Queue,1786743090,1786745649,42.6
1-b2b41345-f2e7-4d04-8c65-ee405faf5b4f,South America 5V5 Queue,1785710264,1785712173,31.8
1-b3602a46-85a1-4561-8579-84af44f262de,South America 5V5 Queue,1787274455,1787277386,48.9
1-b503250f-f5e3-4e77-bcda-75d3c3fcf33d,South America 5V5 Queue,1786666462,1786667977,25.2
1-b58f3cd8-2116-4e53-9f33-4a94d3a620ac,South America 5V5 Queue,1786301612,1786303567,32.6
1-b6be44ad-f4c0-4268-88be-b6aed3beabad,South America 5V5 Queue,1786465537,1786467801,37.7
1-b9222995-52ae-4e13-932b-032b149ad3ca,South America 5V5 Queue,1759981491,1759985041,59.2
1-b93ab8ff-6913-41e2-9b50-d900ff6d90c0,South America 5V5 Queue,1786726280,1786728783,41.7
1-b9f3ca4d-2d6e-4ad9-bfe0-f755106539b8,South America 5V5 Queue,1787941754,1787943074,22.0
1-ba466636-17f6-4e88-98cd-8065244b7bdb,South America 5V5 Queue,1787767109,1787769109,33.3
1-ba600ed7-d682-4264-9919-a7c6ae018d1f,South America 5V5 Queue,1787520804,1787522950,35.8
1-bab30a3c-e3b3-4a8c-9ec1-f7c3d3074d20,South America 5V5 Queue,1786155607,1786157243,27.3
1-bd98523e-e653-4954-8e5f-af1762fc87bd,South America 5V5 Queue,1760670576,1760672971,39.9
1-bf08a822-ac97-4b6d-8cea-f93ff0002a45,South America 5V5 Queue,1786162735,1786164275,25.7
1-bfa3e313-ab37-437a-baf9-1d0aebc8a447,South America 5V5 Queue,1785696317,1785698312,33.2
1-c004bcb8-2020-414e-a019-92a957ed15d2,South America 5V5 Queue,1787348639,1787350681,34.0
1-c0248240-cdf2-471f-bdcf-9d8898016b69,South America 5V5 Queue,1786997261,1787001059,63.3
1-c03e31e2-b76c-40c3-b3a7-039bca50b44e,COMPETITIVE 5V5,1710870248,1710872554,38.4
1-c1505feb-bc3c-47e3-bb2f-501deb1a57ab,COMPETITIVE 5V5,1710815540,1710818007,41.1
1-c177b50f-b757-46f1-af9a-0f7d5f88347b,South America 5V5 Queue,1784863205,1784866098,48.2
1-c1997be6-69bb-49c0-8d51-10128a8670b0,South America 5V5 Queue,1786159881,1786162020,35.6
1-c2064980-1eb2-4e66-8fdf-3af1c0ed4b87,South America 5V5 Queue,1785287070,1785288794,28.7
1-c25cb064-af5a-4b80-89c4-216a5d5f792a,South America 5V5 Queue,1782623730,1782625326,26.6
1-c2f62a3c-b4ab-4721-a024-67d46626a439,South America 5V5 Queue,1784306475,1784308985,41.8
1-c4e91c61-7f2e-4dec-9fe7-8016267671f2,COMPETITIVE 5V5,1718816582,1718818949,39.5
1-c5658a5b-be42-4dd7-b6c7-c4a7d784fb02,South America 5V5 Queue,1786766073,1786767653,26.3
1-c5bcb501-26b7-43ed-974b-c276bc3d5a7d,South America 5V5 Queue,1744947339,1744949536,36.6
1-c6cc558e-a1c5-4a28-8798-1d005ac9d2a2,South America 5V5 Queue,1786328203,1786330032,30.5
1-c7b8794d-0b94-4bdc-9dd3-0de8ed403670,COMPETITIVE 5V5,1717716980,1717719383,40.0
1-c8648344-bbfe-484a-8c37-e834c8f898ea,South America 5V5 Queue,1783462685,1783464675,33.2
1-c9bd104f-71f0-4458-8b28-6d150c2df10d,South America 5V5 Queue,1785201563,1785202993,23.8
1-cb9952c0-e02b-45e3-a04c-2bd0163b61f0,South America 5V5 Queue,1785090113,1785091838,28.8
1-cbb30fa8-a153-4097-8af4-19ab147072ff,COMPETITIVE 5V5,1719192139,1719193706,26.1
1-cbd21561-2c01-40f5-b96e-1b69de64750b,South America 5V5 Queue,1786675579,1786677496,31.9
1-cc563e38-7013-449a-87fb-24e0954b71c2,South America 5V5 Queue,1744940238,1744942259,33.7
1-cce2e41b-f15c-4299-b1a1-ef09b7f76ce1,South America 5V5 Queue,1785804085,1785806408,38.7
1-cd24cd60-0993-4bd0-8d01-2126e1cc8d75,South America 5V5 Queue,1787853992,1787856677,44.8
1-ce7c4723-fc5e-4d11-b257-e89c814b118b,South America 5V5 Queue,1785095278,1785097137,31.0
1-d0013127-fba3-4bbe-a01b-ece8b3b712b1,South America 5V5 Queue,1786325772,1786327897,35.4
1-d00ca1dd-0676-4065-bdac-160fb7fe1477,South America 5V5 Queue,1787513616,1787515681,34.4
1-d09d9152-e67b-421f-81e2-04391399b6d9,South America 5V5 Queue,1785261570,1785263505,32.2
1-d0d095ef-497c-4001-ac72-c212104ddbd5,South America 5V5 Queue,1787158806,1787160052,20.8
1-d0ff7eed-37c9-447e-b86c-7818afe8cb01,South America 5V5 Queue,1785117410,1785119814,40.1
1-d12126cb-a55c-411f-bb80-e015ab217928,South America 5V5 Queue,1787167840,1787169722,31.4
1-d20091cf-e75b-4461-a0a3-91f2dcdc9a68,South America 5V5 Queue,1782536757,1782538524,29.4
1-d3c374ad-f64d-4be4-9ba5-d837ea2004e7,South America 5V5 Queue,1786157594,1786159664,34.5
1-d440a9c3-5d9e-46ad-a93a-9c12935a876a,South America 5V5 Queue,1752550934,1752552963,33.8
1-d4da3b71-a414-4a19-b79c-f582ba23a082,South America 5V5 Queue,1787331042,1787333420,39.6
1-d6240447-993b-4266-bf86-d937d86ad411,South America 5V5 Queue,1787014093,1787016799,45.1
1-d71ba918-6f28-4047-8966-ad0e80ff30b7,South America 5V5 Queue,1760667960,1760669954,33.2
1-d73a44f0-461b-4c66-b3d2-fdfae2174dd0,South America 5V5 Queue,1786763461,1786765544,34.7
1-d76bcf63-403d-43d2-8338-503740126574,COMPETITIVE 5V5,1717978903,1717980383,24.7
1-d98038ec-508b-49d7-a86f-48bca72b853d,South America 5V5 Queue,1784774695,1784777005,38.5
1-d9f6df3f-6f69-495c-8f6f-37f6317fceda,South America 5V5 Queue,1784079632,1784081720,34.8
1-da227185-ee66-46c2-8a5d-5ea8a8fb7fd3,South America 5V5 Queue,1745286261,1745287816,25.9
1-da4892dd-78b5-4ca5-acd9-edccfe705592,South America 5V5 Queue,1785104120,1785105856,28.9
1-da931e54-0275-4bc3-9b0b-06adc282ab10,South America 5V5 Queue,1745456832,1745459232,40.0
1-daa74421-6d43-4e48-aa9f-68d744229521,South America 5V5 Queue,1786769799,1786772332,42.2
1-dad604b8-2d65-45bc-99b0-8b8648f6f4a0,South America 5V5 Queue,1759806268,1759807323,17.6
1-daea6530-a641-46d2-883f-4294f2f4da6e,South America 5V5 Queue,1782439008,1782441355,39.1
1-db6b4580-7d3a-4f50-879c-f7e6d610fca7,South America 5V5 Queue,1776224742,1776227229,41.5
1-db9b628a-b6ab-47db-acc3-1cab2fb08175,South America 5V5 Queue,1787857123,1787859466,39.0
1-dc2b08b4-391e-4e78-b2e5-7f554428773e,South America 5V5 Queue,1786772682,1786773960,21.3
1-dc518002-43a3-49ce-a678-ffab52d43d47,South America 5V5 Queue,1784082455,1784084546,34.9
1-de96bacc-0380-4e10-b866-8b0241dd8c13,South America 5V5 Queue,1784912734,1784914648,31.9
1-dffc5611-427b-4df7-8989-95ee6894ff66,South America 5V5 Queue,1759889966,1759892880,48.6
1-e084f3fd-a602-4185-8b03-d2c148f38b62,South America 5V5 Queue,1785266552,1785268820,37.8
1-e12f093d-8a80-48e5-b457-1bb2c1ff8415,South America 5V5 Queue,1784824982,1784827284,38.4
1-e3e8e680-4ac6-4e13-afdb-45fe383d60a3,South America 5V5 Queue,1782629025,1782630188,19.4
1-e4e9f2a3-87c9-470f-a650-88a492b3ffeb,South America 5V5 Queue,1747010031,1747014342,71.8
1-e4f12975-b0b6-47d2-b8c7-4cebd586fa36,South America 5V5 Queue,1744950286,1744951872,26.4
1-e4f68886-d662-4e45-8ea7-632367a68fb0,South America 5V5 Queue,1745197791,1745199297,25.1
1-e5752ed0-5abf-449b-aa83-0d65e22f2598,South America 5V5 Queue,1787511016,1787513063,34.1
1-e904cb9d-dd09-4a86-995d-d6bcd58e6ff7,South America 5V5 Queue,1782526742,1782529277,42.2
1-e919ebb9-57b1-4efb-a30f-bd8f06a5384a,South America 5V5 Queue,1782625693,1782627651,32.6
1-ea5ccee9-f087-4cff-8bf6-8460e784f6b1,South America 5V5 Queue,1783384663,1783387052,39.8
1-ea82f9c5-1d68-4ffa-a9f5-0fed48dff319,South America 5V5 Queue,1744772695,1744776148,57.5
1-eb1f09c1-d699-4ec6-bafd-d3141a1b44ff,South America 5V5 Queue,1785713199,1785714686,24.8
1-ed6583b6-e2a9-4831-a693-e7425d6e93ec,South America 5V5 Queue,1785552331,1785554841,41.8
1-ee589f3b-fae3-4104-970f-b55e0642db6d,South America 5V5 Queue,1786673131,1786675127,33.3
1-eeb12d3d-9e14-41cb-b082-8211059c2a1b,South America 5V5 Queue,1782251490,1782253021,25.5
1-f02a2b51-8793-4bee-bb82-c8105553dd63,South America 5V5 Queue,1745372425,1745374280,30.9
1-f100307e-117f-4f7d-85d4-65bf8cf67a62,South America 5V5 Queue,1755743172,1755745254,34.7
1-f10b797b-bd96-48c1-90c8-aa1635437f0d,South America 5V5 Queue,1783012234,1783014918,44.7
1-f168b3b8-e04b-46be-b8fe-f8fe81e7a054,South America 5V5 Queue,1786583981,1786585919,32.3
1-f264ee0c-8d09-42e6-b04b-69c85a526e8b,South America 5V5 Queue,1786908043,1786911223,53.0
1-f32ee7d7-93a7-4a7e-ac97-42c2ac2af067,South America 5V5 Queue,1787438108,1787439736,27.1
1-f34b84d8-14c4-49ff-b284-891d03a293f8,South America 5V5 Queue,1782783191,1782785373,36.4
1-f35b5d44-7375-4cab-b643-064827a7c89a,South America 5V5 Queue,1786740288,1786742444,35.9
1-f3e734e5-b2ef-4306-940b-339c1d58f5f4,South America 5V5 Queue,1744937293,1744938981,28.1
1-f4483a8e-c561-49dd-a50a-9279fdef3845,South America 5V5 Queue,1748194463,1748196414,32.5
1-f4835fc0-1b31-4b7e-9dec-cf20d7e6b6e7,South America 5V5 Queue,1783993486,1783995822,38.9
1-f4e7756a-e2b9-4ace-b46c-f89d2ab23b67,South America 5V5 Queue,1786678115,1786679843,28.8
1-f4f20610-a339-43d6-8348-d29a1dff35d2,South America 5V5 Queue,1782701006,1782703566,42.7
1-f873db09-be44-4c14-9bb2-92bcae0a5402,South America 5V5 Queue,1759699406,1759701418,33.5
1-f9f0b073-67d7-4444-b66c-8851c6723696,South America 5V5 Queue,1787105419,1787107863,40.7
1-fa095f67-703b-4a3a-a0ba-78fefe433304,South America 5V5 Queue,1752892878,1752894927,34.1
1-fa220221-9ba4-49a4-b29b-3c68b2aae770,South America 5V5 Queue,1787165875,1787167554,28.0
1-faa519eb-b245-49be-b15f-959100e869ea,South America 5V5 Queue,1786124493,1786126171,28.0
1-fd85aa74-df19-426a-9a67-ed2da98d3263,South America 5V5 Queue,1785456552,1785459605,50.9
1-fe26bdd9-5df4-476d-b824-dcae4b11b4d6,South America 5V5 Queue,1744776537,1744778868,38.9
1-ff645fb9-3eb3-4fb8-a059-c7066343c3c4,South America 5V5 Queue,1787516343,1787518094,29.2
1-ff706aa9-1dd4-49e8-be39-3ed485b95029,South America 5V5 Queue,1786299808,1786301327,25.3
1-005c5ee2-45bf-4602-8957-933a7ac0fd07,South America 5V5 Queue,1788799136,1788801213,34.6
1-00b87a8a-45c7-48ca-bcb4-5594a4626226,South America 5V5 Queue,1788225843,1788228692,47.5
1-04223643-2761-4f06-9d3e-49642f179903,South America 5V5 Queue,1791154410,1791159150,79.0
1-0663edcb-20c5-49ce-8299-48d3bf30a6a1,South America 5V5 Queue,1790707377,1790708847,24.5
1-06e7ca27-33a0-402a-86fd-d19b3f7ce976,South America 5V5 Queue,1789489064,1789491356,38.2
1-0a825e80-5918-4cf8-b6e9-a17457a5596a,South America 5V5 Queue,1789092942,1789095416,41.2
1-0b9d29af-2df1-4c07-b1db-fe86441b3590,South America 5V5 Queue,1789951934,1789954918,49.7
1-1d020d8b-89c3-4bb6-85d9-1214ce589f5d,South America 5V5 Queue,1788668360,1788670236,31.3
1-1e2f4ecb-d496-43ae-b090-a76ff697b1c7,South America 5V5 Queue,1788829164,1788831887,45.4
1-21d766e8-971d-4980-b0c4-daca14b84291,South America 5V5 Queue,1790305009,1790306731,28.7
1-24c70dce-9750-48b6-90cf-8721d49577a8,South America 5V5 Queue,1789434250,1789436831,43.0
1-2642f127-375c-4646-9bfe-59aa3722ddc7,South America 5V5 Queue,1791159741,1791162114,39.5
1-2713ddeb-435e-411c-91e6-3470e5e5df48,South America 5V5 Queue,1790376240,1790377901,27.7
1-2b9d8e0e-d36f-4e18-89ea-475cd3c8e92d,South America 5V5 Queue,1789946054,1789948563,41.8
1-2e67696a-4abb-4fb5-ba3b-7783290996fd,South America 5V5 Queue,1790560926,1790563085,36.0
1-2fb7dfd2-8768-421f-8964-02756f680a34,South America 5V5 Queue,1788576448,1788578193,29.1
1-32b964a5-2cb0-4ec4-b6e9-c3634883b8ed,South America 5V5 Queue,1788489207,1788491763,42.6
1-3492a667-9c9d-49e2-9566-8f8ddcab9582,South America 5V5 Queue,1790383846,1790385542,28.3
1-37212930-2721-4544-ad13-b68829d49730,South America 5V5 Queue,1788662099,1788663698,26.6
1-381c57e0-3f6e-4805-a472-0052627f80b3,South America 5V5 Queue,1789697617,1789699126,25.1
1-3ac12aee-9cd7-4d76-b12e-66408eec722c,South America 5V5 Queue,1788578451,1788580215,29.4
1-3ae2a0d7-6183-43a5-8832-6bdd584bdcae,South America 5V5 Queue,1789611783,1789613962,36.3
1-3cf5e159-2592-43dd-89b5-b7be4fc8fc66,South America 5V5 Queue,1790709115,1790711955,47.3
1-3dde09a2-a973-4e8f-a5f7-ab302815739d,South America 5V5 Queue,1790805447,1790807879,40.5
1-3e03eb46-ad1e-40bc-a26e-8dd3a4605e6b,South America 5V5 Queue,1789961284,1789963310,33.8
1-3e33a8fa-5e25-4fe3-805b-e2f4c2ddd777,South America 5V5 Queue,1789090659,1789092734,34.6
1-4150efae-f2b3-40d2-bc05-4fd5b2ee40fe,South America 5V5 Queue,1788659184,1788661439,37.6
1-4415f290-f787-4767-bbf7-b302167262aa,South America 5V5 Queue,1788309170,1788311316,35.8
1-46e32dad-294b-4289-8064-003ac24139a5,South America 5V5 Queue,1788919964,1788923391,57.1
1-487d35d4-d603-4d80-bbf5-36e3a6665375,South America 5V5 Queue,1789428044,1789430994,49.2
1-4928f79e-2ab9-4298-b30a-4e3ea37cb038,South America 5V5 Queue,1789157835,1789159678,30.7
1-4b1d6407-64f1-49af-933a-11db57fc37b7,South America 5V5 Queue,1788304587,1788307051,41.1
1-5043b878-00f5-484b-a5d4-02a426e86120,South America 5V5 Queue,1788580390,1788582635,37.4
1-507c1248-bf66-4777-83ca-ada3f1b62050,South America 5V5 Queue,1790300291,1790301794,25.1
1-515c745f-31b4-4713-ab94-ba154c5311a0,South America 5V5 Queue,1790730387,1790732014,27.1
1-5165b3ae-e141-43a2-835e-c54cf29563cc,South America 5V5 Queue,1789533895,1789536097,36.7
1-51a8881c-da10-4c79-ab67-7043574de973,South America 5V5 Queue,1790563446,1790566146,45.0
1-5216adde-c055-4af0-89a7-d733e316a2fa,South America 5V5 Queue,1788311910,1788312688,13.0
1-526acd67-a45d-4472-b602-f6cef458b5f5,South America 5V5 Queue,1790019154,1790020817,27.7
1-5317db49-ef46-4a21-bc47-f73ee2f06c3f,South America 5V5 Queue,1790213396,1790215870,41.2
1-5386a519-7f9c-40e6-b979-6397b2ab8141,South America 5V5 Queue,1788121924,1788125125,53.4
1-56e6e6a1-504f-4828-af81-93c08c8501cf,South America 5V5 Queue,1791162768,1791165254,41.4
1-576ef7cb-3d03-410f-b0b1-92a82fcad587,South America 5V5 Queue,1790881011,1790882404,23.2
1-57e4f08e-ab09-418c-aa34-0cd9ce0c3bb9,South America 5V5 Queue,1789609504,1789611493,33.1
1-5cc30dd7-dfa9-45ef-81b6-451832e953e0,South America 5V5 Queue,1790042655,1790045014,39.3
1-606032e6-6942-45dd-a464-9b2ad8710795,South America 5V5 Queue,1789607560,1789609166,26.8
1-62290ffa-54ae-4c58-8c85-e325ab745c7c,South America 5V5 Queue,1788717313,1788718768,24.2
1-66022113-8f7c-40ba-a26e-7b59faeef04b,South America 5V5 Queue,1789321109,1789323134,33.8
1-665ac97c-b31e-4ec6-a308-39975abc2875,South America 5V5 Queue,1788552267,1788553788,25.4
1-6e6d8a77-b2d4-4464-9ce5-1f22a7bb223e,South America 5V5 Queue,1790378226,1790379632,23.4
1-71e3fd25-d1af-4380-a297-7acf35eaa505,South America 5V5 Queue,1788479732,1788482097,39.4
1-75532e5b-186a-47ae-9721-0c1f9f8e5157,South America 5V5 Queue,1789262774,1789264231,24.3
1-771e99b7-fa51-48fa-b86f-ff083a535560,South America 5V5 Queue,1789531322,1789533453,35.5
1-772d472e-1a92-4056-8868-8e719a293105,South America 5V5 Queue,1788483236,1788484828,26.5
1-79f404d5-b7aa-42e1-b29f-0b79b032877b,South America 5V5 Queue,1789327740,1789330104,39.4
1-7bb1a067-552d-461d-90e6-f535832b91af,South America 5V5 Queue,1789615055,1789617048,33.2
1-7e2c9274-b1ce-47ec-8092-898d721fb945,South America 5V5 Queue,1790050400,1790052365,32.8
1-7f899fb3-a35c-47d6-ba37-48d6ec6c14bf,South America 5V5 Queue,1788220034,1788221987,32.5
1-819c300d-63eb-4756-aab0-a4d41b836ceb,South America 5V5 Queue,1788542393,1788544599,36.8
1-830c9b88-41ba-489e-976c-e92fcad2edfc,South America 5V5 Queue,1790045553,1790047224,27.9
1-8692b5a9-a87d-4e75-b9fb-71ec5ab43e06,South America 5V5 Queue,1788128748,1788131121,39.5
1-86aa477b-86ce-4f90-a30a-0a230f8bd829,South America 5V5 Queue,1788119670,1788121651,33.0
1-881ab887-7090-418b-a3cf-ed2804797c5d,South America 5V5 Queue,1789857253,1789859129,31.3
1-8a2efde4-d9f1-404a-ba7e-46330872b450,South America 5V5 Queue,1790878563,1790880730,36.1
1-8b764aa8-646a-488b-a38a-bbe40b643c10,South America 5V5 Queue,1790386208,1790387921,28.6
1-8b7bcec0-eccb-4eb7-be53-5e8aa5e294e3,South America 5V5 Queue,1789700179,1789702531,39.2
1-8ddbebeb-d1b3-4c11-9430-b34fc12591e0,South America 5V5 Queue,1788917098,1788919702,43.4
1-8fc563c3-d3b1-4e08-86e7-c602c0125485,South America 5V5 Queue,1789264695,1789266437,29.0
1-906a15f0-c500-462a-b0bf-168a230cf628,South America 5V5 Queue,1789441843,1789447337,91.6
1-924e7f25-e957-444e-a288-a9671c8f22d5,South America 5V5 Queue,1790634267,1790638162,64.9
1-92619067-d4d2-4c7b-98b3-675bad5774da,South America 5V5 Queue,1790358554,1790360962,40.1
1-92f1b0a4-c978-48bd-b4cc-883f4d14009d,South America 5V5 Queue,1789508789,1789510972,36.4
1-9764c2b8-a4b4-4d8f-83b1-ea84158fe867,South America 5V5 Queue,1790047620,1790049861,37.4
1-97755c95-950f-461a-9f97-cb8f30656cbc,South America 5V5 Queue,1788896710,1788898430,28.7
1-98321f76-0160-4409-88cb-84e5c4ad9a4d,South America 5V5 Queue,1790535423,1790537882,41.0
1-9ac87ac0-bb60-4555-9228-fee8b9d337a4,South America 5V5 Queue,1788318102,1788320036,32.2
1-9cf2fba3-3667-4acf-a298-facbd5de3e4f,South America 5V5 Queue,1790039898,1790042265,39.5
1-9d77cc2f-47b6-4af0-bea8-d7603d4101a1,South America 5V5 Queue,1790216248,1790218388,35.7
1-a01127d9-ee4e-42a0-86a1-dc5a66d5f0f6,South America 5V5 Queue,1788835367,1788837733,39.4
1-a08c9bae-2072-4809-ad1a-2233e105742f,South America 5V5 Queue,1788312996,1788315451,40.9
1-a10e5974-8143-4861-afbd-95ec513e3dae,South America 5V5 Queue,1789323893,1789327043,52.5
1-a167636e-94cd-41e8-b595-82e89910d37f,South America 5V5 Queue,1790302252,1790304303,34.2
1-a297578f-be44-427f-8ad1-123dd49b7901,South America 5V5 Queue,1789956340,1789960620,71.3
1-a35f9411-3e57-43cf-b77b-6273901e7366,South America 5V5 Queue,1789330347,1789333625,54.6
1-a3645072-6474-425f-99d3-4927128342b6,South America 5V5 Queue,1791165641,1791167979,39.0
1-a523113d-7f3e-44d5-96e1-edd512b1b71f,South America 5V5 Queue,1789184969,1789188935,66.1
1-a6dd16d5-6d53-44e8-b384-9098fabff08c,South America 5V5 Queue,1789511384,1789513559,36.2
1-a7a2bfdc-0549-44ca-b3ad-87b61fa7b0e7,South America 5V5 Queue,1788486292,1788488418,35.4
1-acb6c088-65d6-4975-9f60-f87cb710ca05,South America 5V5 Queue,1788586296,1788588304,33.5
1-ae3f5288-2ba4-4d23-8a38-7b5b465ea0a1,South America 5V5 Queue,1788222949,1788225201,37.5
1-aea949d5-630f-474f-8040-26c2265fe95b,South America 5V5 Queue,1789437051,1789439404,39.2
1-aebf6ddb-f6e0-455a-81f5-e09fb9a50615,South America 5V5 Queue,1789943611,1789945740,35.5
1-b3d408ed-bf51-44b5-ae4a-40e68724004f,South America 5V5 Queue,1789074575,1789076416,30.7
1-b4f4ed23-5504-462b-b214-6941a499a337,South America 5V5 Queue,1788719343,1788721955,43.5
1-b5fa480e-9891-42f8-b4c6-f0726fe6421a,South America 5V5 Queue,1788573465,1788576070,43.4
1-b7a71780-694f-47da-81cc-fb0d28be4ef6,South America 5V5 Queue,1789269557,1789271614,34.3
1-b9e54b32-0639-4ec7-9afd-40ae7cb65469,South America 5V5 Queue,1789266926,1789269174,37.5
1-baed7ae6-1af7-42cb-b0e6-13d0959eb19b,South America 5V5 Queue,1790996158,1790998562,40.1
1-bb6eb962-c0ae-47a8-8aab-a97acb7f489a,South America 5V5 Queue,1791141082,1791143224,35.7
1-bea890a3-6052-41b9-9fe2-d575a609741b,South America 5V5 Queue,1789528497,1789530796,38.3
1-c38bac9b-b007-4f61-9568-4f98a815d472,South America 5V5 Queue,1788475417,1788477468,34.2
1-c501b731-d631-4a92-83ee-7c2bd3de3550,South America 5V5 Queue,1788222626,1788224624,33.3
1-c76bb8b8-2273-469d-95f2-e8bca59b1c5b,South America 5V5 Queue,1791134223,1791137722,58.3
1-c7f6356b-30a0-4d8a-97a9-6e765d91054c,South America 5V5 Queue,1788804276,1788806424,35.8
1-c90c0211-11e8-4a17-b86c-3e911914db1a,South America 5V5 Queue,1788125506,1788127855,39.1
1-ca5a213f-36e0-42b1-baa1-bddd968bde4a,South America 5V5 Queue,1790732250,1790734503,37.5
1-cd29a136-249f-4c64-a869-a20a185f34d8,South America 5V5 Queue,1788801629,1788803923,38.2
1-cf084df9-6a3c-45d4-ba77-55aeb7d8bbb3,South America 5V5 Queue,1789852959,1789856829,64.5
1-d1fd3677-9b45-46df-bf26-8170312febfb,South America 5V5 Queue,1788315212,1788317926,45.2
1-d2839a2c-91e0-4eac-b0a8-a7dd2b77ec93,South America 5V5 Queue,1789155676,1789157533,30.9
1-d44d64dc-6ba2-4c52-a71c-c8885313bc22,South America 5V5 Queue,1790388097,1790390579,41.4
1-d7141ef0-8975-44b4-83ab-ed264b1665f0,South America 5V5 Queue,1790705134,1790706987,30.9
1-deb31b95-0612-4710-a835-10e5c2a1c55b,South America 5V5 Queue,1788666125,1788668020,31.6
1-dfcf8cb0-4718-4822-8dc1-56b92fcec3aa,South America 5V5 Queue,1788583814,1788585887,34.5
1-e8a96a3a-e8b2-4d84-901c-97a458842483,South America 5V5 Queue,1788664226,1788665914,28.1
1-ea7e7ead-6b6f-4188-8b36-0af527259ce4,South America 5V5 Queue,1791138671,1791140738,34.5
1-ecbdd7a4-b668-437c-9aed-1f7bab16860e,South America 5V5 Queue,1788670794,1788672560,29.4
1-f3050af9-12c3-435e-865a-d8a4d6351bd1,South America 5V5 Queue,1788229117,1788232166,50.8
1-f69cf8a7-13a5-4bd1-8369-bb0d290f81d2,South America 5V5 Queue,1790560990,1790563107,35.3
1-f895279a-cfd4-43ce-84f8-7bb0cb20a58e,South America 5V5 Queue,1790904833,1790907048,36.9
1-fbfbde7e-dfc9-44eb-85e4-30ac127a11ac,South America 5V5 Queue,1789189603,1789191206,26.7
